"horizon","ar1","geom","gravity_ar1","gravity_geom","glarma","naive"
1,1.78740133311157,1.76680553934975,1.78471352462983,1.76533684045109,1.79550590551942,1.87471910724096
2,1.80912515076395,1.78814749298638,1.80788108424472,1.7853851858426,1.80859274612492,1.8776925877782
3,1.81902523153629,1.79615894730469,1.81740955050542,1.79316281757092,1.81242739264805,1.87920205781221
4,1.82821140023608,1.80919181734384,1.82729228897799,1.80959245994274,1.82501148696973,1.88085430748547
